feature,coefficient,abs_coefficient
recency,1.4987524068323599,1.4987524068323599
purchase_frequency,-1.2456980895722263,1.2456980895722263
median_basket_quantity,-0.32100982336929007,0.32100982336929007
median_unique_products,-0.18727023683887187,0.18727023683887187
median_basket_sales,0.08188776366777166,0.08188776366777166
tenure_days,-0.050207415707875874,0.050207415707875874
discount_rate,0.012006902625268597,0.012006902625268597
